{"cameraMode":{"drawMode":0,"name":"Shaded","section":"Shading Mode"},"sceneLighting":true,"audioPlay":false,"sceneViewState":{"m_AlwaysRefresh":false,"showFog":true,"showSkybox":true,"showFlares":true,"showImageEffects":true,"showParticleSystems":true,"showVisualEffectGraphs":true,"m_FxEnabled":true},"in2DMode":false,"pivot":{"x":-0.5580717921257019,"y":3.114828109741211,"z":-146.05035400390626},"rotation":{"x":0.000041214389057131484,"y":-0.9998487234115601,"z":0.0179990753531456,"w":0.0024071584921330215},"size":101.72992706298828,"orthographic":false}